[
    {
        "model": "auth.User",
        "pk": 1,
        "fields": {
            "username": "U7dc51dd7ed833e4f937118991a18691a",
            "is_staff": true,
            "is_superuser": true
        }
    },
    {
        "model": "auth.User",
        "pk": 2,
        "fields": {
            "username": "Ua6d88b595adfb03b57ff43c53114220c",
            "is_staff": true,
            "is_superuser": true
        }
    },
    {
        "model": "auth.User",
        "pk": 3,
        "fields": {
            "username": "U3275aa3f535d55d6e633a49bba9965ec",
            "is_staff": true,
            "is_superuser": true
        }
    },
    {
        "model": "employee.Profile",
        "pk": 1,
        "fields": {
            "name": "Cerberus",
            "members": [],
            "created_at": "2009-02-02 08:00:00+0800"
        }
    },
    {
        "model": "employee.Profile",
        "pk": 13,
        "fields": {
            "name": "Mac Chen",
            "members": [],
            "created_at": "2009-02-02 08:00:00+0800"
        }
    },
    {
        "model": "employee.Profile",
        "pk": 19,
        "fields": {
            "name": "Jason",
            "members": [],
            "created_at": "2009-02-02 08:00:00+0800"
        }
    },
    {
        "model": "employee.LineBotIntegration",
        "pk": "U7dc51dd7ed833e4f937118991a18691a",
        "fields": {
            "employee_id": 1
        }
    },
    {
        "model": "employee.LineBotIntegration",
        "pk": "Ua6d88b595adfb03b57ff43c53114220c",
        "fields": {
            "employee_id": 13
        }
    },
    {
        "model": "employee.LineBotIntegration",
        "pk": "U3275aa3f535d55d6e633a49bba9965ec",
        "fields": {
            "employee_id": 19
        }
    },
    {
        "model": "patient.Profile",
        "pk": 1,
        "fields": {
            "name": "Patient Wang",
            "extend": {"join_code": "abcd"},
            "created_at": "2011-02-02 19:00:00"
        }
    },
    {
        "model": "patient.Profile",
        "pk": 2,
        "fields": {
            "name": "Patient Lin",
            "extend": {"join_code": "fghi"},
            "created_at": "2011-02-02 19:00:00"
        }
    },
    {
        "model": "care.Question",
        "pk": 1,
        "fields": {"question": "用餐後請記得提醒服藥", "program_label": [], "response_labels": ["了解"], "response_values": [0]}
    },
    {
        "model": "care.Question",
        "pk": 2,
        "fields": {"question": "請記得引導執行衣物請清洗、收折、收納", "program_label": [], "response_labels": ["了解"], "response_values": [0]}
    },
    {
        "model": "care.Question",
        "pk": 3,
        "fields": {"question": "返家後請記得披曬衣物", "program_label": [], "response_labels": ["了解"], "response_values": [0]}
    },
    {
        "model": "care.Question",
        "pk": 4,
        "fields": {"question": "快中午了，需要準備午餐囉!", "program_label": [], "response_labels": ["了解"], "response_values": [0]}
    },
    {
        "model": "care.Question",
        "pk": 5,
        "fields": {"question": "用餐後請記得提醒服藥", "program_label": [], "response_labels": ["了解"], "response_values": [0]}
    },
    {
        "model": "care.Question",
        "pk": 6,
        "fields": {"question": "午睡時間即將結束", "program_label": [], "response_labels": ["了解"], "response_values": [0]}
    },
    {
        "model": "care.Question",
        "pk": 7,
        "fields": {"question": "活動時間", "program_label": [], "response_labels": ["了解"], "response_values": [0]}
    },
    {
        "model": "care.Question",
        "pk": 8,
        "fields": {"question": "沐浴時間", "program_label": [], "response_labels": ["了解"], "response_values": [0]}
    },
    {
        "model": "care.Question",
        "pk": 9,
        "fields": {"question": "今日服務時間即將結束，請整理一下活動環境!", "program_label": [], "response_labels": ["了解"], "response_values": [0]}
    },
    {
        "model": "care.Question",
        "pk": 10,
        "fields": {"question": "如廁提醒", "program_label": [], "response_labels": ["已如廁", "拒絕"], "response_values": [0, 1]}
    },
    {
        "model": "care.Course",
        "pk": 1,
        "fields": {"name": "長期全日課程"}
    },
    {
        "model": "care.Course",
        "pk": 2,
        "fields": {"name": "短期一般陪伴 (上午)"}
    },
    {
        "model": "care.Course",
        "pk": 3,
        "fields": {"name": "強化訓練 (午)"}
    },
    {
        "model": "care.CourseDetail",
        "pk": 1,
        "fields": {"table_id": 1, "name": "測量生命徵象、早餐", "scheduled_at": "08:00"}
    },
    {
        "model": "care.CourseDetail",
        "pk": 2,
        "fields": {"table_id": 1, "name": "服藥、收拾環境、收折衣物", "scheduled_at": "08:30"}
    },
    {
        "model": "care.CourseDetail",
        "pk": 3,
        "fields": {"table_id": 1, "name": "批曬衣服", "scheduled_at": "10:30"}
    },
    {
        "model": "care.CourseDetail",
        "pk": 4,
        "fields": {"table_id": 1, "name": "備餐", "scheduled_at": "11:30"}
    },
    {
        "model": "care.CourseDetail",
        "pk": 5,
        "fields": {"table_id": 1, "name": "午餐", "scheduled_at": "12:00"}
    },
    {
        "model": "care.CourseDetail",
        "pk": 6,
        "fields": {"table_id": 1, "name": "午睡準備", "scheduled_at": "12:30"}
    },
    {
        "model": "care.CourseDetail",
        "pk": 7,
        "fields": {"table_id": 1, "name": "起床準備", "scheduled_at": "13:55"}
    },
    {
        "model": "care.CourseDetail",
        "pk": 8,
        "fields": {"table_id": 1, "name": "環境整理", "scheduled_at": "15:30"}
    },
    {
        "model": "care.CourseDetail",
        "pk": 9,
        "fields": {"table_id": 1, "name": "沐浴", "scheduled_at": "16:00"}
    },
    {
        "model": "care.CourseQuestion",
        "pk": 1,
        "fields": {"table_id": 1, "question_id": 1, "scheduled_at": "08:15"}
    },
    {
        "model": "care.CourseQuestion",
        "pk": 2,
        "fields": {"table_id": 1, "question_id": 2, "scheduled_at": "08:30"}
    },
    {
        "model": "care.CourseQuestion",
        "pk": 3,
        "fields": {"table_id": 1, "question_id": 3, "scheduled_at": "11:00"}
    },
    {
        "model": "care.CourseQuestion",
        "pk": 4,
        "fields": {"table_id": 1, "question_id": 4, "scheduled_at": "11:15"}
    },
    {
        "model": "care.CourseQuestion",
        "pk": 5,
        "fields": {"table_id": 1, "question_id": 5, "scheduled_at": "12:00"}
    },
    {
        "model": "care.CourseQuestion",
        "pk": 6,
        "fields": {"table_id": 1, "question_id": 6, "scheduled_at": "13:55"}
    },
    {
        "model": "care.CourseQuestion",
        "pk": 7,
        "fields": {"table_id": 1, "question_id": 7, "scheduled_at": "14:00"}
    },
    {
        "model": "care.CourseQuestion",
        "pk": 8,
        "fields": {"table_id": 1, "question_id": 8, "scheduled_at": "15:30"}
    },
    {
        "model": "care.CourseQuestion",
        "pk": 9,
        "fields": {"table_id": 1, "question_id": 9, "scheduled_at": "16:30"}
    },
    {
        "model": "care.CourseQuestion",
        "pk": 10,
        "fields": {"table_id": 1, "question_id": 10, "scheduled_at": "10:00"}
    },
    {
        "model": "care.CourseQuestion",
        "pk": 11,
        "fields": {"table_id": 1, "question_id": 10, "scheduled_at": "12:05"}
    },
    {
        "model": "care.CourseQuestion",
        "pk": 12,
        "fields": {"table_id": 1, "question_id": 10, "scheduled_at": "14:00"}
    },
    {
        "model": "care.CourseQuestion",
        "pk": 13,
        "fields": {"table_id": 1, "question_id": 10, "scheduled_at": "16:30"}
    },
    {
        "model": "care.CourseQuestion",
        "pk": 201,
        "fields": {"table_id": 2, "question_id": 1, "scheduled_at": "08:15"}
    },
    {
        "model": "care.CourseQuestion",
        "pk": 202,
        "fields": {"table_id": 2, "question_id": 2, "scheduled_at": "08:30"}
    },
    {
        "model": "care.CourseQuestion",
        "pk": 203,
        "fields": {"table_id": 2, "question_id": 3, "scheduled_at": "11:00"}
    },
    {
        "model": "care.CourseQuestion",
        "pk": 204,
        "fields": {"table_id": 2, "question_id": 4, "scheduled_at": "11:15"}
    },
    {
        "model": "patient.CourseSchedule",
        "pk": 1,
        "fields": {"patient_id": 1, "table_id": 1, "weekly_mask": 127}
    },
    {
        "model": "patient.CourseSchedule",
        "pk": 2,
        "fields": {"patient_id": 2, "table_id": 1, "weekly_mask": 127}
    },
    {
        "model": "patient.CourseSchedule",
        "pk": 3,
        "fields": {"patient_id": 1, "table_id": 2, "weekly_mask": 42}
    },
    {
        "model": "patient.CourseSchedule",
        "pk": 4,
        "fields": {"patient_id": 2, "table_id": 3, "weekly_mask": 20}
    }
]